"","Species","Sex","StarSign","School","FaveSport","Veget","Smoke","Alcohol","FBFriends","SpiritAnimal","ProfSnooker","ProfDarts","ProfBadmtn","ProfGolf","ProfTennis"
"1","Human","Female","Virgo","Raven","Tennis",0,1,4,373,"Elephant",0,0,0,0,0
"2","Elf","Male","Virgo","Slyth","Badminton",0,0,1,52,"Elephant",0,0,0,0,0
"3","Orc","Female","Leo","Raven","Badminton",0,0,3,675,"Elephant",0,0,0,0,0
"4","Orc","Male","Virgo","Raven","Badminton",0,0,3,353,"Elephant",0,0,0,0,0
"5","Goblin","Male","Virgo","Raven","Golf",0,0,1,39,"Lion",0,0,0,0,0
"6","Human","Male","Scorpio","Slyth","Badminton",0,0,3,45,"Bat",0,0,1,0,0
"7","Orc","Male","Cancer","Gryff","Badminton",0,0,4,645,"Horse",0,0,0,0,0
"8","Goblin","Female","Virgo","Gryff","Golf",0,1,1,653,"Woodpecker",0,0,0,0,0
"9","Human","Male","Aquarius","Raven","Badminton",0,0,4,609,"Elephant",0,0,0,0,0
"10","Human","Female","Capricorn","Huffl","Tennis",0,0,1,776,"Dolphin",0,0,0,0,0
"11","Orc","Female","Cancer","Raven","Snooker",0,1,3,508,"Dolphin",0,0,0,0,0
"12","Goblin","Male","Cancer","Slyth","Golf",0,0,1,57,"Dolphin",0,0,0,0,0
"13","Orc","Female","Sagittarius","Huffl","Golf",0,1,5,322,"Lion",0,0,0,0,0
"14","Goblin","Male","Sagittarius","Huffl","Darts",1,0,2,192,"Dolphin",0,0,0,0,0
"15","Orc","Male","Sagittarius","Slyth","Badminton",0,0,3,369,"Elephant",0,0,0,0,0
"16","Orc","Female","Scorpio","Huffl","Badminton",0,0,3,140,"Bat",0,0,0,0,0
"17","Human","Male","Leo","Raven","Tennis",0,0,2,3190,"Woodpecker",0,0,0,0,0
"18","Goblin","Female","Aries","Raven","Darts",0,0,1,92,"Woodpecker",0,0,0,0,0
"19","Goblin","Female","Taurus","Gryff","Golf",0,0,1,161,"Gorilla",0,0,0,0,0
"20","Orc","Female","Leo","Slyth","Badminton",0,0,3,213,"Elephant",0,0,0,0,0
"21","Human","Male","Libra","Raven","Tennis",1,0,3,770,"Lion",0,0,0,0,1
"22","Goblin","Female","Leo","Raven","Darts",1,1,1,163,"Bat",0,0,0,0,0
"23","Orc","Female","Capricorn","Raven","Darts",0,0,3,40,"Bat",0,0,0,0,0
"24","Elf","Male","Leo","Raven","Tennis",0,0,1,184,"Elephant",0,0,0,0,0
"25","Goblin","Female","Aquarius","Gryff","Badminton",0,0,1,540,"Woodpecker",0,0,0,0,0
"26","Goblin","Male","Aquarius","Slyth","Darts",0,0,1,75,"Horse",0,0,0,0,0
"27","Goblin","Female","Aries","Gryff","Darts",0,0,1,450,"Dolphin",0,0,0,0,0
"28","Orc","Female","Pisces","Gryff","Badminton",0,0,2,346,"Horse",0,0,0,0,0
"29","Orc","Female","Virgo","Huffl","Badminton",0,0,2,332,"Horse",0,0,0,0,0
"30","Orc","Male","Scorpio","Gryff","Darts",0,0,4,592,"Wolf",0,0,0,0,0
"31","Orc","Female","Sagittarius","Slyth","Badminton",0,0,3,58,"Lion",0,0,0,0,0
"32","Elf","Female","Cancer","Raven","Golf",0,1,1,142,"Elephant",0,0,0,0,0
"33","Elf","Female","Taurus","Gryff","Tennis",0,0,1,480,"Lion",0,0,0,0,0
"34","Elf","Female","Libra","Slyth","Golf",0,0,2,248,"Bat",0,0,0,0,0
"35","Human","Male","Capricorn","Huffl","Tennis",0,1,2,255,"Gorilla",0,0,0,0,0
"36","Orc","Male","Libra","Raven","Badminton",1,0,6,457,"Woodpecker",0,0,0,0,0
"37","Human","Male","Gemini","Raven","Tennis",0,0,3,246,"Gorilla",0,1,0,0,1
"38","Human","Male","Cancer","Slyth","Snooker",0,0,4,113,"Woodpecker",0,0,0,0,0
"39","Goblin","Male","Taurus","Gryff","Badminton",0,0,2,602,"Bat",0,0,0,1,0
"40","Human","Female","Taurus","Gryff","Golf",0,0,3,912,"Gorilla",0,0,0,0,0
"41","Human","Male","Gemini","Gryff","Tennis",0,1,2,814,"Lion",0,0,0,0,0
"42","Orc","Female","Libra","Slyth","Badminton",0,0,2,507,"Bat",0,0,0,0,0
"43","Human","Female","Pisces","Slyth","Darts",0,0,3,33,"Wolf",0,0,0,0,0
"44","Human","Female","Cancer","Huffl","Golf",0,0,3,1900,"Horse",0,0,0,0,0
"45","Orc","Female","Scorpio","Raven","Tennis",0,1,3,35,"Wolf",0,0,0,0,0
"46","Human","Male","Sagittarius","Huffl","Golf",0,0,2,74,"Elephant",0,0,0,0,0
"47","Goblin","Male","Taurus","Slyth","Golf",0,1,1,712,"Bat",0,0,0,0,0
"48","Elf","Male","Aquarius","Gryff","Golf",0,0,1,393,"Dolphin",0,0,0,0,0
"49","Orc","Male","Sagittarius","Gryff","Darts",0,1,4,356,"Gorilla",0,0,0,0,0
"50","Human","Female","Virgo","Slyth","Golf",0,0,4,304,"Bat",0,0,0,0,0
"51","Goblin","Male","Scorpio","Slyth","Golf",0,0,1,91,"Bat",0,0,0,0,0
"52","Orc","Female","Gemini","Gryff","Snooker",0,0,3,68,"Elephant",0,0,0,0,0
"53","Human","Male","Gemini","Raven","Tennis",0,0,2,630,"Lion",0,0,0,0,0
"54","Human","Female","Virgo","Huffl","Golf",0,0,3,31,"Bat",0,0,0,0,0
"55","Goblin","Female","Pisces","Raven","Badminton",0,0,1,84,"Gorilla",0,0,0,0,0
"56","Elf","Male","Virgo","Slyth","Golf",0,0,2,515,"Dolphin",0,0,0,1,0
"57","Human","Male","Pisces","Huffl","Darts",1,0,1,438,"Horse",0,0,0,0,0
"58","Orc","Male","Leo","Gryff","Badminton",0,0,2,2828,"Wolf",0,0,0,0,0
"59","Goblin","Female","Virgo","Slyth","Darts",0,1,1,221,"Lion",0,0,0,0,0
"60","Human","Female","Capricorn","Huffl","Tennis",0,0,3,2238,"Horse",0,0,0,0,0
"61","Orc","Female","Gemini","Raven","Golf",0,0,4,70,"Horse",0,0,0,0,1
"62","Goblin","Female","Gemini","Raven","Darts",0,0,1,39,"Wolf",0,0,0,0,0
"63","Human","Female","Gemini","Huffl","Golf",0,0,4,193,"Gorilla",0,0,0,0,0
"64","Orc","Male","Gemini","Raven","Badminton",0,0,2,89,"Elephant",0,0,0,0,0
"65","Human","Male","Virgo","Raven","Golf",0,1,3,162,"Gorilla",0,0,0,0,0
"66","Elf","Male","Capricorn","Huffl","Badminton",0,1,1,239,"Woodpecker",0,1,0,0,0
"67","Orc","Male","Aquarius","Raven","Badminton",0,0,3,194,"Elephant",0,0,0,0,0
"68","Human","Female","Scorpio","Raven","Tennis",0,0,3,74,"Wolf",0,0,0,0,0
"69","Orc","Male","Capricorn","Slyth","Badminton",0,0,6,85,"Lion",0,0,0,0,0
"70","Goblin","Male","Aquarius","Huffl","Tennis",0,0,1,1167,"Gorilla",0,0,0,0,0
"71","Orc","Male","Capricorn","Slyth","Snooker",0,0,1,326,"Lion",0,0,0,0,0
"72","Human","Male","Cancer","Raven","Darts",0,1,3,248,"Wolf",0,0,0,0,0
"73","Orc","Female","Sagittarius","Raven","Badminton",0,0,5,394,"Wolf",0,0,0,0,0
"74","Goblin","Female","Cancer","Slyth","Golf",0,0,1,507,"Horse",0,0,0,0,0
"75","Orc","Female","Leo","Huffl","Darts",0,0,3,147,"Dolphin",0,0,0,0,0
"76","Orc","Female","Taurus","Slyth","Badminton",0,0,2,1200,"Bat",0,0,0,0,0
"77","Human","Male","Gemini","Huffl","Snooker",0,0,2,212,"Horse",0,1,0,0,0
"78","Goblin","Female","Pisces","Raven","Darts",0,0,1,554,"Lion",0,0,0,0,0
"79","Human","Female","Aries","Slyth","Tennis",1,1,2,142,"Bat",0,0,0,0,0
"80","Human","Male","Sagittarius","Gryff","Snooker",0,0,1,320,"Gorilla",0,0,0,0,0
"81","Orc","Female","Aries","Huffl","Badminton",0,1,3,1337,"Lion",0,0,0,0,0
"82","Orc","Male","Sagittarius","Raven","Golf",0,0,5,618,"Lion",0,0,0,0,0
"83","Human","Male","Leo","Slyth","Golf",1,0,2,45,"Woodpecker",0,0,0,0,0
"84","Orc","Male","Sagittarius","Slyth","Snooker",0,0,3,522,"Elephant",0,0,0,0,0
"85","Elf","Male","Taurus","Raven","Tennis",0,0,1,31,"Bat",0,0,0,0,0
"86","Goblin","Female","Aries","Raven","Darts",0,0,1,706,"Bat",0,0,0,0,0
"87","Orc","Male","Aries","Slyth","Badminton",0,0,2,271,"Bat",0,0,0,0,0
"88","Human","Female","Gemini","Raven","Tennis",0,1,1,186,"Elephant",0,0,0,0,1
"89","Elf","Male","Gemini","Raven","Tennis",0,0,1,773,"Elephant",0,0,0,0,0
"90","Human","Male","Pisces","Huffl","Snooker",0,1,1,2094,"Gorilla",0,0,0,0,0
"91","Orc","Male","Aries","Gryff","Badminton",0,0,2,160,"Woodpecker",0,0,0,0,0
"92","Human","Male","Virgo","Huffl","Tennis",0,0,5,69,"Dolphin",0,0,0,0,0
"93","Human","Female","Capricorn","Slyth","Tennis",0,0,2,334,"Lion",0,0,0,0,0
"94","Human","Male","Gemini","Raven","Tennis",0,0,3,277,"Lion",0,0,0,0,0
"95","Elf","Male","Taurus","Raven","Golf",0,1,1,63,"Lion",0,0,0,0,0
"96","Elf","Female","Aquarius","Huffl","Golf",0,0,2,148,"Gorilla",0,0,0,0,0
"97","Orc","Female","Scorpio","Huffl","Golf",0,0,4,56,"Bat",0,0,0,0,0
"98","Orc","Female","Virgo","Huffl","Snooker",0,1,2,1092,"Lion",0,0,0,0,0
"99","Human","Male","Aries","Huffl","Golf",0,0,2,413,"Elephant",0,0,0,0,0
"100","Goblin","Male","Pisces","Huffl","Tennis",1,0,2,514,"Gorilla",0,0,0,0,0
"101","Goblin","Male","Cancer","Slyth","Darts",0,0,1,373,"Bat",0,0,0,0,0
"102","Goblin","Female","Libra","Slyth","Darts",0,0,1,52,"Elephant",0,0,0,0,0
"103","Orc","Female","Scorpio","Raven","Badminton",0,0,3,675,"Elephant",0,0,0,0,0
"104","Orc","Female","Aries","Gryff","Golf",0,0,3,353,"Bat",0,0,0,0,0
"105","Human","Female","Aquarius","Huffl","Golf",0,0,3,39,"Dolphin",0,0,0,0,0
"106","Human","Female","Capricorn","Raven","Tennis",0,1,2,45,"Wolf",0,0,0,0,0
"107","Human","Male","Capricorn","Raven","Golf",0,0,2,645,"Gorilla",0,0,0,0,0
"108","Goblin","Male","Taurus","Gryff","Badminton",1,1,1,653,"Horse",0,0,0,0,0
"109","Human","Female","Scorpio","Raven","Golf",0,0,4,609,"Lion",0,0,0,0,0
"110","Elf","Female","Aquarius","Raven","Snooker",0,0,2,776,"Elephant",0,0,0,0,0
"111","Orc","Female","Aquarius","Slyth","Tennis",1,0,1,508,"Wolf",0,1,0,0,0
"112","Orc","Male","Capricorn","Huffl","Snooker",0,0,4,57,"Lion",0,0,0,0,0
"113","Orc","Female","Scorpio","Huffl","Snooker",0,0,3,322,"Dolphin",0,0,0,0,0
"114","Human","Male","Aquarius","Slyth","Golf",0,0,4,192,"Dolphin",0,0,0,0,0
"115","Orc","Female","Virgo","Huffl","Badminton",0,0,5,369,"Lion",0,0,0,0,0
"116","Human","Male","Pisces","Huffl","Golf",1,1,5,140,"Lion",0,0,0,0,0
"117","Orc","Male","Capricorn","Gryff","Badminton",0,0,4,3190,"Bat",0,0,0,0,0
"118","Human","Male","Scorpio","Raven","Badminton",0,0,2,92,"Lion",0,0,0,0,0
"119","Goblin","Female","Aries","Raven","Badminton",0,1,1,161,"Elephant",0,0,0,0,0
"120","Elf","Male","Cancer","Slyth","Tennis",0,0,2,213,"Elephant",0,0,0,0,0
"121","Human","Female","Leo","Raven","Tennis",0,0,4,770,"Lion",0,0,0,0,0
"122","Human","Female","Gemini","Gryff","Golf",0,1,3,163,"Wolf",0,0,0,0,0
"123","Human","Female","Cancer","Slyth","Badminton",0,0,4,40,"Horse",0,0,0,0,0
"124","Human","Male","Scorpio","Raven","Badminton",0,1,2,184,"Woodpecker",0,0,0,0,0
"125","Human","Female","Leo","Raven","Tennis",0,1,3,540,"Horse",0,0,0,0,0
"126","Elf","Female","Sagittarius","Huffl","Tennis",0,0,1,75,"Bat",0,0,0,0,0
"127","Human","Male","Virgo","Gryff","Tennis",0,0,3,450,"Lion",0,0,0,0,0
"128","Human","Female","Leo","Slyth","Golf",0,1,2,346,"Lion",0,0,0,0,0
"129","Human","Male","Aries","Gryff","Tennis",0,0,1,332,"Gorilla",0,0,0,0,0
"130","Elf","Female","Capricorn","Raven","Tennis",0,0,2,592,"Elephant",0,0,0,0,0
"131","Human","Female","Leo","Gryff","Golf",0,0,1,58,"Lion",0,0,0,0,0
"132","Orc","Male","Cancer","Raven","Badminton",0,1,3,142,"Elephant",0,0,0,0,0
"133","Orc","Female","Libra","Raven","Darts",0,0,4,480,"Gorilla",0,0,0,0,0
"134","Orc","Male","Cancer","Gryff","Snooker",0,0,3,248,"Woodpecker",0,0,0,0,0
"135","Orc","Female","Aquarius","Huffl","Darts",0,0,5,255,"Lion",0,0,0,0,0
"136","Human","Female","Aries","Slyth","Badminton",0,0,3,457,"Bat",0,0,0,0,0
"137","Human","Female","Pisces","Raven","Tennis",0,0,1,246,"Gorilla",0,0,0,0,0
"138","Elf","Male","Aries","Slyth","Badminton",0,0,1,113,"Dolphin",0,0,0,0,0
"139","Elf","Male","Cancer","Gryff","Tennis",0,0,1,602,"Lion",0,0,0,0,0
"140","Human","Female","Aquarius","Gryff","Golf",0,0,2,912,"Elephant",0,0,0,0,0
"141","Elf","Male","Pisces","Raven","Golf",0,0,1,814,"Gorilla",0,0,0,0,0
"142","Orc","Female","Libra","Slyth","Badminton",0,0,2,507,"Bat",0,0,0,0,0
"143","Orc","Female","Aquarius","Slyth","Badminton",0,0,5,33,"Gorilla",0,0,0,0,0
"144","Human","Male","Capricorn","Gryff","Badminton",0,0,2,1900,"Wolf",0,0,0,0,0
"145","Orc","Female","Scorpio","Gryff","Badminton",0,0,4,35,"Woodpecker",0,0,0,0,0
"146","Orc","Male","Virgo","Gryff","Badminton",0,0,2,74,"Wolf",0,0,0,0,0
"147","Orc","Female","Scorpio","Slyth","Badminton",0,0,2,712,"Lion",0,0,0,0,0
"148","Human","Female","Sagittarius","Huffl","Golf",0,0,2,393,"Dolphin",0,1,0,0,0
"149","Human","Male","Scorpio","Huffl","Tennis",0,1,5,356,"Dolphin",0,0,0,0,0
"150","Human","Female","Taurus","Raven","Badminton",0,0,2,304,"Woodpecker",0,0,0,0,0
"151","Orc","Female","Pisces","Gryff","Badminton",0,0,3,91,"Horse",0,0,0,0,0
"152","Human","Male","Libra","Slyth","Snooker",0,1,3,68,"Dolphin",0,0,0,0,0
"153","Orc","Male","Pisces","Gryff","Tennis",0,1,3,630,"Horse",0,0,0,0,0
"154","Orc","Male","Pisces","Gryff","Snooker",0,0,4,31,"Lion",0,0,0,0,1
"155","Orc","Female","Pisces","Gryff","Golf",0,0,4,84,"Bat",0,0,0,0,0
"156","Human","Male","Aquarius","Huffl","Tennis",0,0,2,515,"Bat",0,0,0,0,0
"157","Goblin","Male","Libra","Slyth","Golf",1,0,1,438,"Bat",0,0,0,0,0
"158","Human","Female","Scorpio","Slyth","Tennis",0,0,2,2828,"Elephant",0,0,0,0,0
"159","Orc","Male","Aquarius","Huffl","Badminton",1,0,2,221,"Dolphin",0,0,0,0,0
"160","Human","Male","Scorpio","Raven","Tennis",0,0,2,2238,"Lion",0,0,0,0,0
"161","Orc","Male","Capricorn","Huffl","Golf",1,0,2,70,"Elephant",0,0,0,0,0
"162","Human","Male","Libra","Gryff","Tennis",0,1,2,39,"Gorilla",0,0,0,0,0
"163","Goblin","Male","Libra","Gryff","Golf",0,0,1,193,"Bat",0,0,0,0,0
"164","Elf","Male","Taurus","Huffl","Tennis",0,1,2,89,"Wolf",0,0,0,0,0
"165","Orc","Female","Sagittarius","Slyth","Badminton",0,0,4,162,"Elephant",0,0,0,0,0
"166","Goblin","Female","Leo","Raven","Golf",0,1,1,239,"Wolf",0,0,0,0,0
"167","Human","Male","Gemini","Raven","Tennis",0,0,2,194,"Elephant",0,0,0,0,0
"168","Human","Female","Libra","Huffl","Golf",0,1,3,74,"Dolphin",0,0,0,0,0
"169","Orc","Male","Aries","Slyth","Badminton",0,1,6,85,"Lion",0,0,0,0,0
"170","Orc","Female","Gemini","Huffl","Tennis",0,0,2,1167,"Lion",0,0,0,0,0
"171","Goblin","Male","Gemini","Raven","Golf",0,0,2,326,"Elephant",0,0,0,0,0
"172","Human","Female","Aquarius","Huffl","Golf",1,0,2,248,"Lion",0,0,0,0,0
"173","Human","Male","Leo","Huffl","Tennis",0,1,5,394,"Horse",1,0,0,0,0
"174","Orc","Female","Sagittarius","Huffl","Badminton",0,1,3,507,"Lion",0,0,0,0,0
"175","Orc","Male","Pisces","Raven","Tennis",0,0,3,147,"Gorilla",0,0,0,0,0
"176","Human","Male","Virgo","Gryff","Golf",0,0,4,1200,"Woodpecker",0,0,0,0,0
"177","Goblin","Male","Sagittarius","Huffl","Golf",0,1,1,212,"Elephant",0,0,0,0,0
"178","Elf","Female","Scorpio","Raven","Tennis",0,0,2,554,"Horse",0,0,0,0,0
"179","Orc","Female","Taurus","Slyth","Badminton",0,0,2,142,"Lion",0,0,0,0,0
"180","Human","Male","Aquarius","Gryff","Golf",0,1,4,320,"Bat",0,0,0,0,0
"181","Orc","Male","Capricorn","Huffl","Tennis",0,1,4,1337,"Horse",0,0,0,0,0
"182","Human","Female","Sagittarius","Slyth","Badminton",0,0,4,618,"Bat",0,0,0,0,0
"183","Goblin","Male","Libra","Gryff","Darts",0,0,1,45,"Bat",0,0,0,0,0
"184","Human","Female","Aries","Slyth","Tennis",0,0,2,522,"Dolphin",0,0,0,0,0
"185","Orc","Male","Scorpio","Huffl","Badminton",0,0,4,31,"Gorilla",0,0,0,0,0
"186","Orc","Male","Sagittarius","Gryff","Badminton",0,0,4,706,"Gorilla",0,0,0,0,0
"187","Human","Female","Gemini","Slyth","Tennis",0,1,3,271,"Wolf",0,0,0,0,0
"188","Orc","Male","Leo","Gryff","Snooker",0,0,3,186,"Bat",0,0,0,0,0
"189","Human","Male","Cancer","Huffl","Badminton",0,1,2,773,"Bat",0,0,0,0,0
"190","Goblin","Female","Scorpio","Raven","Darts",0,0,1,2094,"Gorilla",0,0,0,0,0
"191","Human","Male","Capricorn","Huffl","Tennis",0,0,2,160,"Horse",0,0,1,0,0
"192","Elf","Female","Pisces","Slyth","Darts",0,0,3,69,"Gorilla",0,0,0,0,0
"193","Human","Male","Sagittarius","Gryff","Golf",0,0,5,334,"Wolf",0,0,0,0,0
"194","Human","Female","Cancer","Gryff","Golf",0,0,5,277,"Horse",0,0,0,0,0
"195","Human","Female","Gemini","Gryff","Golf",0,0,2,63,"Horse",0,0,0,0,0
"196","Human","Female","Leo","Raven","Golf",0,0,4,148,"Dolphin",0,0,0,0,0
"197","Human","Male","Aries","Raven","Tennis",0,0,4,56,"Gorilla",0,0,0,1,0
"198","Human","Female","Leo","Raven","Golf",0,1,3,1092,"Lion",0,1,0,0,0
"199","Human","Female","Cancer","Gryff","Golf",0,0,4,413,"Dolphin",0,0,0,0,0
"200","Orc","Male","Aquarius","Slyth","Badminton",0,0,3,514,"Dolphin",0,0,0,0,0
"201","Goblin","Male","Aquarius","Slyth","Darts",0,0,3,373,"Lion",0,0,0,0,0
"202","Human","Female","Scorpio","Gryff","Golf",0,0,2,52,"Bat",0,0,0,0,0
"203","Human","Male","Pisces","Raven","Darts",0,0,2,675,"Elephant",0,0,0,0,0
"204","Human","Female","Aries","Gryff","Golf",0,1,2,353,"Lion",0,0,0,0,0
"205","Human","Female","Libra","Gryff","Golf",0,1,3,39,"Gorilla",0,0,0,0,1
"206","Human","Female","Cancer","Huffl","Golf",1,1,3,45,"Dolphin",0,0,1,0,0
"207","Orc","Male","Aries","Gryff","Badminton",1,0,3,645,"Horse",0,0,0,0,0
"208","Orc","Female","Virgo","Raven","Badminton",0,1,3,653,"Woodpecker",0,0,0,0,0
"209","Human","Female","Pisces","Slyth","Golf",0,0,3,609,"Wolf",0,0,0,0,0
"210","Orc","Female","Libra","Gryff","Badminton",0,0,1,776,"Lion",0,0,0,0,0
"211","Goblin","Male","Libra","Raven","Badminton",0,0,1,508,"Elephant",0,0,0,0,0
"212","Goblin","Male","Sagittarius","Raven","Darts",0,1,2,57,"Horse",0,0,0,0,0
"213","Human","Male","Virgo","Gryff","Snooker",0,0,1,322,"Bat",0,0,0,0,0
"214","Human","Male","Capricorn","Gryff","Badminton",0,0,1,192,"Woodpecker",0,0,0,0,0
"215","Human","Female","Capricorn","Huffl","Badminton",0,0,1,369,"Horse",0,0,0,0,0
"216","Orc","Female","Leo","Huffl","Darts",0,0,2,140,"Wolf",0,0,0,0,0
"217","Human","Male","Libra","Gryff","Tennis",0,1,3,3190,"Wolf",0,0,0,0,0
"218","Human","Male","Pisces","Slyth","Golf",0,0,3,92,"Wolf",0,0,0,0,0
"219","Orc","Female","Pisces","Huffl","Badminton",1,0,3,161,"Dolphin",0,0,0,0,0
"220","Human","Female","Aries","Slyth","Golf",1,0,2,213,"Dolphin",0,0,0,0,0
"221","Orc","Male","Virgo","Slyth","Badminton",0,0,2,770,"Bat",0,0,0,0,0
"222","Orc","Male","Leo","Huffl","Badminton",0,0,5,163,"Horse",0,0,0,0,0
"223","Orc","Male","Cancer","Slyth","Golf",0,0,2,40,"Elephant",0,0,0,0,0
"224","Elf","Female","Leo","Raven","Tennis",0,0,2,184,"Wolf",0,0,0,0,0
"225","Orc","Male","Cancer","Huffl","Snooker",0,0,3,540,"Dolphin",0,0,0,0,0
"226","Elf","Male","Leo","Raven","Tennis",0,0,2,75,"Gorilla",0,0,0,0,0
"227","Human","Female","Scorpio","Gryff","Golf",0,0,2,450,"Woodpecker",0,0,0,0,0
"228","Goblin","Female","Virgo","Gryff","Golf",0,0,4,346,"Lion",0,0,0,0,0
"229","Human","Female","Cancer","Huffl","Darts",0,1,1,332,"Dolphin",0,0,0,0,0
"230","Human","Male","Scorpio","Slyth","Golf",0,1,2,592,"Elephant",0,0,0,0,0
"231","Human","Male","Pisces","Gryff","Golf",0,0,2,58,"Bat",0,0,1,0,0
"232","Orc","Female","Leo","Raven","Badminton",0,0,3,142,"Elephant",0,0,0,0,0
"233","Elf","Male","Aquarius","Raven","Tennis",0,0,1,480,"Lion",0,0,0,0,0
"234","Human","Female","Virgo","Huffl","Tennis",0,0,4,248,"Dolphin",0,0,0,0,0
"235","Orc","Female","Taurus","Slyth","Badminton",0,0,2,255,"Dolphin",0,0,0,0,0
"236","Human","Female","Aries","Huffl","Tennis",0,0,3,457,"Bat",0,0,0,0,0
"237","Goblin","Female","Virgo","Huffl","Golf",0,0,1,246,"Lion",0,0,0,1,0
"238","Goblin","Female","Pisces","Slyth","Golf",0,0,1,113,"Bat",0,0,0,0,0
"239","Goblin","Female","Capricorn","Gryff","Golf",0,1,3,602,"Bat",0,0,0,0,0
"240","Orc","Male","Aquarius","Slyth","Badminton",0,0,2,912,"Lion",0,0,0,0,0
"241","Elf","Female","Cancer","Slyth","Tennis",0,0,1,814,"Lion",0,0,0,0,0
"242","Orc","Male","Aries","Gryff","Snooker",0,0,3,507,"Bat",0,0,0,0,0
"243","Human","Male","Scorpio","Huffl","Golf",1,0,4,33,"Dolphin",0,0,0,0,0
"244","Human","Female","Gemini","Slyth","Snooker",0,0,4,1900,"Bat",0,0,0,0,0
"245","Orc","Female","Scorpio","Slyth","Badminton",0,0,5,35,"Elephant",0,0,0,0,0
"246","Orc","Male","Leo","Slyth","Snooker",0,0,4,74,"Elephant",0,0,0,0,0
"247","Elf","Male","Capricorn","Slyth","Tennis",0,0,2,712,"Lion",0,0,0,0,0
"248","Elf","Male","Libra","Gryff","Badminton",0,0,1,393,"Bat",0,0,0,0,0
"249","Orc","Male","Libra","Slyth","Snooker",0,0,3,356,"Lion",0,0,0,0,0
"250","Elf","Male","Virgo","Raven","Golf",0,0,4,304,"Woodpecker",0,0,0,0,0
"251","Human","Male","Cancer","Huffl","Tennis",0,0,1,91,"Gorilla",0,0,0,0,0
"252","Elf","Female","Gemini","Gryff","Badminton",0,0,1,68,"Lion",0,0,0,0,0
"253","Human","Male","Sagittarius","Gryff","Golf",0,0,4,630,"Horse",0,0,0,0,0
"254","Orc","Female","Taurus","Gryff","Badminton",0,0,3,31,"Horse",0,0,0,0,0
"255","Human","Female","Taurus","Raven","Golf",0,0,2,84,"Woodpecker",0,0,0,0,0
"256","Human","Female","Gemini","Slyth","Tennis",0,0,4,515,"Elephant",0,0,0,0,0
"257","Orc","Male","Sagittarius","Raven","Badminton",0,1,4,438,"Wolf",0,0,0,0,0
"258","Goblin","Female","Aquarius","Raven","Darts",0,0,2,2828,"Horse",0,0,0,0,0
"259","Elf","Female","Aries","Gryff","Darts",0,0,2,221,"Bat",0,0,0,0,0
"260","Elf","Female","Scorpio","Gryff","Golf",0,0,1,2238,"Wolf",0,0,0,0,0
"261","Elf","Male","Leo","Raven","Tennis",0,0,1,70,"Horse",0,0,0,0,0
"262","Elf","Male","Gemini","Slyth","Snooker",0,0,1,39,"Woodpecker",0,0,0,0,0
"263","Human","Female","Cancer","Slyth","Darts",0,0,4,193,"Gorilla",0,0,0,0,0
"264","Human","Male","Cancer","Gryff","Tennis",0,0,1,89,"Wolf",0,0,0,0,0
"265","Goblin","Female","Aries","Gryff","Golf",0,0,1,162,"Wolf",0,0,0,0,0
"266","Human","Male","Cancer","Huffl","Badminton",0,1,3,239,"Horse",0,0,0,0,0
"267","Goblin","Male","Leo","Gryff","Darts",0,1,1,194,"Gorilla",0,0,1,0,0
"268","Orc","Male","Cancer","Gryff","Snooker",0,0,3,74,"Horse",0,0,0,0,0
"269","Human","Female","Leo","Raven","Golf",0,0,2,85,"Gorilla",0,0,0,1,0
"270","Human","Male","Scorpio","Slyth","Golf",0,0,3,1167,"Lion",0,0,0,0,0
"271","Orc","Female","Libra","Slyth","Badminton",1,0,5,326,"Bat",0,0,0,0,1
"272","Orc","Male","Leo","Raven","Badminton",0,0,3,248,"Gorilla",0,0,0,0,0
"273","Orc","Male","Pisces","Gryff","Darts",0,0,3,394,"Gorilla",0,0,0,0,0
"274","Human","Female","Gemini","Huffl","Tennis",0,0,3,507,"Lion",0,0,0,0,0
"275","Human","Male","Aries","Raven","Golf",0,0,3,147,"Gorilla",0,0,0,0,0
"276","Human","Female","Pisces","Raven","Tennis",0,0,4,1200,"Elephant",0,0,0,0,0
"277","Human","Female","Aries","Huffl","Snooker",0,0,4,212,"Lion",0,0,0,0,0
"278","Goblin","Female","Libra","Raven","Darts",0,0,1,554,"Woodpecker",0,0,0,0,0
"279","Human","Female","Libra","Slyth","Tennis",0,0,2,142,"Elephant",0,0,0,0,0
"280","Orc","Female","Libra","Huffl","Badminton",0,0,4,320,"Gorilla",0,0,0,0,0
"281","Human","Female","Sagittarius","Raven","Tennis",0,0,2,1337,"Lion",0,0,0,0,0
"282","Human","Female","Capricorn","Raven","Tennis",0,0,5,618,"Elephant",0,0,0,0,0
"283","Orc","Female","Pisces","Gryff","Golf",0,0,4,45,"Woodpecker",0,0,0,0,0
"284","Elf","Female","Capricorn","Gryff","Golf",0,0,1,522,"Wolf",0,0,0,0,0
"285","Goblin","Male","Aquarius","Gryff","Snooker",0,1,3,31,"Wolf",0,0,0,0,0
"286","Human","Female","Scorpio","Raven","Badminton",0,0,2,706,"Elephant",0,0,1,0,0
"287","Human","Female","Cancer","Slyth","Golf",0,1,2,271,"Gorilla",0,0,0,0,0
"288","Orc","Female","Leo","Slyth","Badminton",0,0,4,186,"Elephant",0,0,0,0,0
"289","Orc","Male","Gemini","Slyth","Golf",0,0,2,773,"Lion",0,0,0,0,0
"290","Human","Male","Sagittarius","Raven","Golf",1,0,2,2094,"Wolf",0,0,0,0,0
"291","Goblin","Male","Pisces","Slyth","Darts",0,0,1,160,"Woodpecker",0,0,0,0,0
"292","Human","Female","Aquarius","Huffl","Golf",0,1,4,69,"Bat",0,0,0,0,0
"293","Orc","Male","Aquarius","Raven","Badminton",0,0,3,334,"Gorilla",0,0,0,0,0
"294","Orc","Female","Leo","Slyth","Snooker",1,0,5,277,"Wolf",0,1,0,0,0
"295","Goblin","Female","Leo","Gryff","Darts",0,0,1,63,"Horse",0,0,0,0,0
"296","Orc","Male","Cancer","Huffl","Snooker",0,0,5,148,"Gorilla",0,0,0,0,0
"297","Orc","Male","Aquarius","Slyth","Tennis",1,1,5,56,"Bat",0,0,0,0,0
"298","Human","Female","Capricorn","Raven","Tennis",0,0,3,1092,"Bat",0,0,0,0,0
"299","Orc","Female","Gemini","Slyth","Badminton",0,0,3,413,"Lion",0,0,0,0,0
"300","Human","Female","Aquarius","Slyth","Golf",0,1,3,514,"Gorilla",0,0,0,0,0
"301","Elf","Female","Cancer","Gryff","Tennis",0,0,1,373,"Dolphin",0,0,0,0,0
"302","Orc","Male","Aries","Slyth","Badminton",0,1,5,52,"Bat",0,0,0,0,0
"303","Human","Male","Capricorn","Slyth","Badminton",0,1,4,675,"Horse",0,0,0,0,0
"304","Orc","Male","Aquarius","Slyth","Snooker",1,0,2,353,"Dolphin",0,0,0,0,0
"305","Orc","Male","Aquarius","Gryff","Badminton",0,0,4,39,"Bat",0,1,0,1,0
"306","Elf","Male","Gemini","Gryff","Tennis",0,0,1,45,"Bat",0,0,0,0,0
"307","Human","Female","Sagittarius","Gryff","Golf",0,1,1,645,"Woodpecker",1,0,0,0,0
"308","Goblin","Male","Virgo","Huffl","Badminton",0,0,3,653,"Bat",0,0,0,0,0
"309","Elf","Female","Aquarius","Raven","Badminton",0,0,2,609,"Horse",0,0,0,0,0
"310","Orc","Male","Pisces","Huffl","Tennis",0,1,2,776,"Lion",0,0,0,0,0
"311","Human","Female","Pisces","Gryff","Golf",0,0,2,508,"Horse",0,0,0,0,0
"312","Human","Female","Gemini","Huffl","Golf",0,0,1,57,"Wolf",0,0,0,0,0
"313","Orc","Female","Pisces","Raven","Badminton",0,0,3,322,"Horse",0,0,0,0,0
"314","Goblin","Female","Scorpio","Huffl","Darts",0,0,2,192,"Gorilla",0,0,0,0,0
"315","Goblin","Male","Gemini","Raven","Badminton",0,1,1,369,"Elephant",0,0,0,0,0
"316","Human","Female","Aries","Huffl","Tennis",0,0,6,140,"Gorilla",0,0,0,0,0
"317","Human","Female","Sagittarius","Raven","Tennis",0,0,1,3190,"Gorilla",0,0,0,0,0
"318","Orc","Female","Aquarius","Slyth","Badminton",0,0,5,92,"Bat",0,0,0,0,0
"319","Orc","Female","Libra","Slyth","Badminton",0,0,3,161,"Bat",0,0,0,0,0
"320","Goblin","Male","Taurus","Raven","Darts",0,1,1,213,"Woodpecker",0,0,0,0,0
"321","Elf","Male","Gemini","Huffl","Tennis",0,0,2,770,"Lion",1,0,0,0,0
"322","Orc","Male","Virgo","Raven","Darts",1,0,4,163,"Wolf",0,0,0,0,0
"323","Elf","Female","Virgo","Slyth","Tennis",0,0,2,40,"Lion",0,0,0,0,0
"324","Orc","Female","Libra","Huffl","Badminton",0,0,3,184,"Bat",0,0,0,0,0
"325","Orc","Male","Capricorn","Slyth","Tennis",0,0,1,540,"Bat",0,0,0,0,0
"326","Goblin","Female","Virgo","Huffl","Badminton",0,1,1,75,"Bat",0,0,0,0,0
"327","Goblin","Male","Libra","Raven","Darts",0,0,1,450,"Elephant",0,0,0,0,0
"328","Goblin","Female","Pisces","Gryff","Darts",0,0,2,346,"Horse",0,1,0,0,0
"329","Human","Female","Virgo","Huffl","Tennis",0,1,4,332,"Lion",0,0,0,0,0
"330","Goblin","Female","Capricorn","Huffl","Darts",1,0,2,592,"Bat",0,0,0,0,0
"331","Human","Female","Aquarius","Huffl","Tennis",0,1,4,58,"Gorilla",0,0,0,0,0
"332","Goblin","Female","Capricorn","Slyth","Badminton",0,0,1,142,"Woodpecker",0,0,0,0,0
"333","Goblin","Male","Cancer","Raven","Golf",0,0,1,480,"Lion",0,0,0,0,0
"334","Human","Female","Leo","Huffl","Badminton",1,0,3,248,"Bat",0,0,0,0,0
"335","Orc","Female","Pisces","Gryff","Badminton",0,1,2,255,"Woodpecker",0,0,0,0,0
"336","Goblin","Male","Scorpio","Raven","Golf",0,0,1,457,"Lion",0,0,0,0,0
"337","Goblin","Female","Pisces","Slyth","Darts",0,0,1,246,"Bat",0,0,0,0,0
"338","Human","Male","Leo","Slyth","Tennis",0,0,3,113,"Bat",0,0,0,0,0
"339","Orc","Female","Pisces","Slyth","Badminton",0,0,4,602,"Lion",0,0,0,0,0
"340","Human","Female","Virgo","Huffl","Golf",0,0,4,912,"Horse",0,0,0,0,0
"341","Orc","Male","Scorpio","Gryff","Snooker",0,0,2,814,"Dolphin",0,0,0,0,0
"342","Orc","Male","Taurus","Huffl","Darts",0,0,2,507,"Dolphin",1,0,0,0,0
"343","Orc","Male","Cancer","Raven","Badminton",0,0,1,33,"Lion",0,0,0,0,0
"344","Human","Female","Sagittarius","Huffl","Golf",1,0,4,1900,"Bat",0,0,0,0,0
"345","Goblin","Male","Libra","Slyth","Darts",1,1,1,35,"Horse",0,0,0,0,0
"346","Orc","Male","Taurus","Raven","Golf",0,1,2,74,"Lion",0,0,0,0,0
"347","Human","Female","Gemini","Slyth","Tennis",0,0,2,712,"Woodpecker",0,0,0,0,0
"348","Human","Female","Taurus","Huffl","Tennis",0,0,5,393,"Gorilla",0,0,0,0,0
"349","Goblin","Female","Capricorn","Gryff","Darts",0,1,1,356,"Horse",0,0,0,0,0
"350","Elf","Male","Pisces","Slyth","Badminton",1,0,2,304,"Elephant",0,0,0,0,0
"351","Goblin","Female","Taurus","Raven","Darts",0,0,1,91,"Wolf",0,0,0,0,0
"352","Human","Male","Taurus","Huffl","Tennis",0,0,3,68,"Woodpecker",0,0,0,0,0
"353","Human","Female","Gemini","Raven","Tennis",0,0,3,630,"Lion",0,0,0,0,0
"354","Orc","Male","Capricorn","Raven","Badminton",0,0,4,31,"Elephant",0,0,0,0,0
"355","Orc","Female","Libra","Huffl","Darts",0,0,4,84,"Horse",0,0,0,1,0
"356","Human","Male","Capricorn","Gryff","Golf",0,0,3,515,"Bat",0,0,0,0,0
"357","Goblin","Female","Libra","Raven","Golf",0,1,1,438,"Elephant",0,0,0,0,0
"358","Orc","Male","Gemini","Gryff","Badminton",0,0,3,2828,"Bat",0,0,0,0,0
"359","Elf","Male","Pisces","Slyth","Tennis",0,0,2,221,"Lion",0,0,0,0,0
"360","Orc","Male","Sagittarius","Slyth","Badminton",0,0,3,2238,"Lion",0,0,0,0,0
"361","Human","Male","Aries","Gryff","Darts",0,1,3,70,"Wolf",0,0,0,0,0
"362","Human","Male","Leo","Gryff","Darts",0,0,1,39,"Elephant",0,0,0,0,1
"363","Orc","Female","Scorpio","Slyth","Badminton",0,0,7,193,"Bat",0,0,0,0,0
"364","Orc","Male","Libra","Gryff","Badminton",1,0,3,89,"Wolf",0,0,0,0,0
"365","Elf","Male","Aries","Raven","Tennis",0,0,1,162,"Elephant",0,0,0,0,0
"366","Human","Male","Libra","Huffl","Golf",0,1,4,239,"Dolphin",0,0,0,0,0
"367","Human","Female","Libra","Gryff","Badminton",0,1,3,194,"Gorilla",0,0,0,0,0
"368","Human","Female","Aries","Huffl","Golf",1,1,4,74,"Lion",0,0,0,0,0
"369","Orc","Male","Aquarius","Huffl","Badminton",0,0,2,85,"Lion",0,0,0,0,0
"370","Orc","Male","Aries","Huffl","Badminton",0,0,3,1167,"Bat",0,0,0,0,0
"371","Elf","Female","Capricorn","Slyth","Golf",0,0,2,326,"Lion",0,0,0,0,0
"372","Orc","Female","Cancer","Huffl","Badminton",0,0,2,248,"Dolphin",0,0,0,0,0
"373","Elf","Male","Aries","Huffl","Tennis",0,0,1,394,"Dolphin",0,0,0,0,0
"374","Orc","Female","Cancer","Gryff","Badminton",0,0,4,507,"Dolphin",0,0,0,0,0
"375","Human","Female","Scorpio","Huffl","Tennis",1,1,3,147,"Dolphin",0,0,0,0,0
"376","Orc","Female","Gemini","Huffl","Darts",0,0,4,1200,"Dolphin",0,0,0,0,0
"377","Orc","Female","Aquarius","Gryff","Darts",0,0,3,212,"Wolf",0,0,0,0,0
"378","Goblin","Female","Leo","Huffl","Darts",0,1,1,554,"Gorilla",0,0,1,0,0
"379","Goblin","Male","Sagittarius","Raven","Golf",0,0,1,142,"Elephant",0,0,0,0,0
"380","Orc","Male","Libra","Gryff","Badminton",1,0,6,320,"Bat",0,0,0,0,0
"381","Orc","Female","Gemini","Huffl","Badminton",0,1,4,1337,"Dolphin",1,0,1,0,0
"382","Human","Male","Leo","Slyth","Golf",0,1,4,618,"Wolf",0,0,0,0,0
"383","Goblin","Male","Pisces","Raven","Darts",0,0,1,45,"Woodpecker",0,0,0,0,0
"384","Elf","Male","Aquarius","Slyth","Tennis",0,0,1,522,"Dolphin",0,0,0,0,0
"385","Goblin","Male","Capricorn","Gryff","Darts",0,0,1,31,"Horse",0,0,0,0,0
"386","Orc","Male","Sagittarius","Raven","Darts",0,0,4,706,"Horse",0,0,0,0,0
"387","Orc","Male","Cancer","Gryff","Badminton",0,0,4,271,"Dolphin",0,0,0,0,0
"388","Human","Female","Aquarius","Raven","Tennis",0,0,3,186,"Lion",0,0,0,0,0
"389","Orc","Female","Aquarius","Raven","Tennis",0,0,3,773,"Gorilla",0,0,0,0,0
"390","Human","Female","Scorpio","Raven","Darts",0,1,1,2094,"Woodpecker",0,0,0,0,0
"391","Human","Male","Pisces","Gryff","Badminton",0,0,1,160,"Bat",0,0,0,0,0
"392","Human","Female","Pisces","Huffl","Golf",0,0,5,69,"Lion",0,0,0,0,0
"393","Human","Male","Taurus","Huffl","Golf",0,0,3,334,"Gorilla",0,0,0,0,0
"394","Orc","Female","Leo","Huffl","Badminton",0,0,2,277,"Lion",0,0,0,0,0
"395","Goblin","Male","Pisces","Slyth","Darts",0,0,1,63,"Woodpecker",0,0,0,0,0
"396","Goblin","Female","Virgo","Raven","Golf",0,0,1,148,"Gorilla",0,0,0,0,0
"397","Human","Female","Taurus","Gryff","Tennis",0,0,2,56,"Wolf",0,0,0,0,0
"398","Elf","Female","Virgo","Slyth","Badminton",0,0,2,1092,"Lion",0,0,0,0,0
"399","Orc","Male","Sagittarius","Huffl","Tennis",0,0,3,413,"Horse",0,0,0,0,0
"400","Goblin","Male","Taurus","Slyth","Darts",0,0,2,514,"Lion",0,0,0,0,0
"401","Human","Female","Sagittarius","Slyth","Snooker",0,0,4,373,"Elephant",0,0,0,0,0
"402","Human","Female","Pisces","Gryff","Golf",0,1,3,52,"Horse",0,0,0,0,0
"403","Orc","Female","Virgo","Huffl","Badminton",0,0,3,675,"Horse",0,0,0,0,0
"404","Human","Male","Libra","Huffl","Golf",0,0,2,353,"Dolphin",0,0,0,0,0
"405","Human","Female","Scorpio","Slyth","Golf",0,1,3,39,"Lion",0,0,0,0,0
"406","Goblin","Male","Gemini","Gryff","Darts",0,0,1,45,"Bat",0,0,0,0,0
"407","Orc","Female","Libra","Raven","Badminton",0,1,4,645,"Horse",0,0,0,0,0
"408","Goblin","Female","Aquarius","Raven","Darts",0,1,1,653,"Elephant",0,0,0,0,0
"409","Human","Male","Cancer","Slyth","Badminton",0,1,3,609,"Bat",0,0,0,0,0
"410","Human","Female","Gemini","Gryff","Badminton",0,1,3,776,"Bat",0,0,0,0,0
"411","Elf","Male","Scorpio","Gryff","Golf",0,0,1,508,"Bat",0,0,0,0,0
"412","Human","Male","Aquarius","Raven","Golf",0,1,3,57,"Horse",0,0,0,0,0
"413","Goblin","Male","Aries","Huffl","Golf",0,1,1,322,"Lion",0,0,0,0,0
"414","Human","Female","Libra","Gryff","Badminton",1,0,2,192,"Dolphin",0,0,0,0,0
"415","Elf","Female","Leo","Gryff","Golf",0,0,1,369,"Horse",0,0,0,0,0
"416","Orc","Female","Sagittarius","Huffl","Badminton",0,0,4,140,"Woodpecker",0,0,0,0,0
"417","Human","Male","Aquarius","Slyth","Golf",0,0,4,3190,"Elephant",0,0,0,0,0
"418","Human","Male","Aries","Huffl","Tennis",0,0,3,92,"Gorilla",0,0,0,0,0
"419","Elf","Female","Taurus","Gryff","Tennis",0,0,1,161,"Bat",0,0,0,0,0
"420","Human","Male","Aries","Gryff","Tennis",0,1,5,213,"Wolf",0,0,0,0,0
"421","Goblin","Male","Libra","Slyth","Darts",0,0,1,770,"Lion",0,0,0,0,0
"422","Orc","Male","Scorpio","Huffl","Badminton",0,0,4,163,"Bat",0,0,0,0,0
"423","Human","Female","Gemini","Slyth","Badminton",0,1,2,40,"Elephant",0,0,0,0,0
"424","Human","Female","Aries","Slyth","Tennis",0,0,1,184,"Woodpecker",0,0,0,0,0
"425","Human","Female","Leo","Slyth","Golf",0,0,3,540,"Elephant",0,0,0,0,0
"426","Human","Male","Capricorn","Huffl","Darts",0,0,2,75,"Horse",0,0,0,0,0
"427","Orc","Male","Leo","Slyth","Darts",0,1,3,450,"Bat",0,0,0,0,0
"428","Elf","Male","Taurus","Slyth","Tennis",0,0,1,346,"Woodpecker",0,0,0,0,0
"429","Human","Male","Sagittarius","Huffl","Snooker",0,1,4,332,"Bat",0,0,0,0,0
"430","Human","Female","Leo","Gryff","Tennis",0,0,2,592,"Horse",0,0,0,0,0
"431","Human","Female","Cancer","Gryff","Tennis",0,0,3,58,"Woodpecker",0,0,0,0,0
"432","Human","Male","Libra","Raven","Snooker",0,0,4,142,"Wolf",0,0,0,0,0
"433","Goblin","Male","Pisces","Huffl","Golf",0,0,1,480,"Bat",0,0,0,0,0
"434","Human","Female","Pisces","Gryff","Golf",0,1,2,248,"Elephant",0,0,0,0,0
"435","Goblin","Male","Gemini","Huffl","Tennis",0,1,1,255,"Woodpecker",0,0,0,0,0
"436","Human","Female","Capricorn","Slyth","Golf",0,1,3,457,"Bat",0,0,0,0,0
"437","Orc","Female","Virgo","Slyth","Badminton",0,1,3,246,"Bat",0,0,0,0,0
"438","Human","Female","Cancer","Huffl","Tennis",1,1,1,113,"Woodpecker",0,0,0,0,0
"439","Goblin","Female","Cancer","Slyth","Darts",0,0,1,602,"Elephant",0,0,0,0,0
"440","Human","Male","Cancer","Huffl","Tennis",0,0,3,912,"Dolphin",0,0,0,0,0
"441","Human","Female","Taurus","Gryff","Snooker",0,0,3,814,"Elephant",0,0,0,0,0
"442","Orc","Female","Scorpio","Slyth","Badminton",0,0,3,507,"Lion",0,0,0,0,0
"443","Goblin","Female","Virgo","Huffl","Golf",1,1,2,33,"Bat",0,0,0,0,0
"444","Human","Female","Capricorn","Slyth","Golf",0,0,3,1900,"Woodpecker",0,0,0,0,0
"445","Orc","Female","Libra","Slyth","Badminton",0,0,2,35,"Bat",0,0,0,0,0
"446","Orc","Male","Capricorn","Slyth","Badminton",0,0,2,74,"Dolphin",0,0,0,0,0
"447","Orc","Female","Libra","Slyth","Badminton",0,0,4,712,"Elephant",0,0,0,0,0
"448","Human","Male","Aquarius","Huffl","Golf",0,0,3,393,"Lion",0,0,0,0,0
"449","Human","Female","Sagittarius","Gryff","Golf",0,0,3,356,"Gorilla",0,0,0,0,0
"450","Orc","Male","Aries","Gryff","Tennis",0,0,3,304,"Gorilla",0,0,0,0,0
"451","Orc","Male","Aries","Raven","Badminton",0,0,3,91,"Gorilla",0,0,0,0,0
"452","Elf","Female","Sagittarius","Huffl","Golf",0,0,2,68,"Bat",0,0,0,0,0
"453","Orc","Male","Cancer","Gryff","Darts",0,0,4,630,"Lion",0,0,0,0,0
"454","Orc","Female","Capricorn","Huffl","Tennis",0,0,2,31,"Gorilla",0,0,0,0,0
"455","Human","Male","Libra","Raven","Golf",0,0,4,84,"Horse",0,0,0,0,0
"456","Human","Female","Virgo","Raven","Golf",0,0,4,515,"Wolf",0,0,0,1,0
"457","Orc","Female","Aquarius","Gryff","Darts",0,0,5,438,"Lion",0,0,0,0,0
"458","Elf","Female","Aquarius","Slyth","Tennis",0,0,3,2828,"Lion",0,0,0,0,0
"459","Orc","Female","Taurus","Gryff","Golf",0,0,3,221,"Lion",0,0,0,0,0
"460","Human","Female","Leo","Slyth","Badminton",0,0,3,2238,"Lion",0,0,0,0,0
"461","Human","Female","Aquarius","Gryff","Golf",0,0,2,70,"Bat",0,0,0,1,0
"462","Goblin","Male","Scorpio","Slyth","Golf",0,1,1,39,"Lion",0,0,0,0,0
"463","Orc","Male","Libra","Huffl","Snooker",0,0,5,193,"Lion",0,0,0,0,0
"464","Human","Male","Aries","Raven","Tennis",0,0,2,89,"Wolf",0,0,0,0,0
"465","Goblin","Male","Pisces","Huffl","Darts",0,1,1,162,"Lion",0,0,0,0,0
"466","Elf","Female","Sagittarius","Raven","Tennis",0,0,1,239,"Elephant",0,0,0,0,0
"467","Goblin","Female","Taurus","Gryff","Golf",0,0,2,194,"Wolf",0,1,0,0,0
"468","Elf","Male","Leo","Gryff","Snooker",0,1,1,74,"Gorilla",0,0,0,0,0
"469","Goblin","Male","Pisces","Gryff","Golf",0,1,1,85,"Wolf",0,0,0,0,0
"470","Orc","Female","Leo","Huffl","Tennis",0,0,4,1167,"Gorilla",0,0,0,0,0
"471","Human","Male","Scorpio","Gryff","Badminton",0,1,2,326,"Lion",0,0,0,0,0
"472","Orc","Female","Libra","Slyth","Badminton",0,0,5,248,"Dolphin",0,0,0,0,0
"473","Elf","Female","Libra","Huffl","Badminton",0,0,1,394,"Dolphin",0,0,0,0,0
"474","Goblin","Female","Leo","Slyth","Badminton",0,0,1,507,"Woodpecker",0,0,0,0,0
"475","Elf","Male","Gemini","Slyth","Tennis",0,0,2,147,"Gorilla",0,0,0,0,0
"476","Orc","Female","Libra","Raven","Golf",0,0,4,1200,"Lion",0,0,0,0,0
"477","Human","Female","Virgo","Gryff","Badminton",0,0,3,212,"Elephant",0,0,0,0,0
"478","Elf","Male","Pisces","Raven","Tennis",0,1,1,554,"Lion",0,0,0,0,1
"479","Goblin","Male","Aquarius","Slyth","Darts",0,0,1,142,"Bat",0,0,0,0,0
"480","Orc","Male","Scorpio","Raven","Badminton",0,0,3,320,"Horse",0,0,0,0,0
"481","Orc","Female","Aries","Slyth","Badminton",0,0,2,1337,"Wolf",0,0,0,0,0
"482","Orc","Female","Capricorn","Slyth","Badminton",0,0,3,618,"Dolphin",0,0,0,0,0
"483","Human","Female","Aquarius","Huffl","Tennis",0,0,3,45,"Bat",0,0,0,0,0
"484","Human","Female","Libra","Huffl","Tennis",0,0,5,522,"Dolphin",0,0,0,0,0
"485","Human","Female","Libra","Gryff","Snooker",0,0,3,31,"Woodpecker",0,0,0,0,0
"486","Orc","Female","Sagittarius","Slyth","Badminton",0,0,3,706,"Bat",0,0,0,0,0
"487","Elf","Female","Gemini","Huffl","Tennis",0,1,1,271,"Woodpecker",0,0,0,0,0
"488","Orc","Male","Aquarius","Slyth","Badminton",1,0,4,186,"Elephant",0,0,0,0,0
"489","Human","Female","Leo","Huffl","Tennis",0,0,3,773,"Bat",0,0,0,0,0
"490","Goblin","Female","Libra","Raven","Golf",1,0,2,2094,"Woodpecker",0,0,0,0,0
"491","Human","Male","Cancer","Slyth","Golf",0,0,3,160,"Bat",0,0,0,0,0
"492","Human","Male","Aries","Slyth","Golf",0,0,2,69,"Lion",0,0,0,0,0
"493","Elf","Male","Libra","Gryff","Tennis",0,1,1,334,"Bat",0,0,0,0,0
"494","Human","Male","Scorpio","Slyth","Golf",0,1,1,277,"Lion",0,0,0,0,0
"495","Orc","Female","Scorpio","Raven","Badminton",1,0,2,63,"Elephant",0,1,0,1,0
"496","Human","Female","Aquarius","Gryff","Badminton",0,0,3,148,"Bat",0,0,0,0,0
"497","Human","Male","Pisces","Huffl","Golf",0,0,1,56,"Lion",0,0,0,0,0
"498","Orc","Female","Leo","Huffl","Badminton",0,1,3,1092,"Bat",0,0,0,0,0
"499","Orc","Female","Pisces","Slyth","Badminton",0,0,3,413,"Bat",0,0,0,0,0
"500","Orc","Female","Sagittarius","Raven","Snooker",0,0,3,514,"Gorilla",0,0,0,0,0
"501","Elf","Male","Leo","Huffl","Snooker",0,0,3,373,"Bat",0,0,0,0,0
"502","Human","Male","Leo","Huffl","Tennis",0,0,1,52,"Bat",0,0,0,0,0
"503","Orc","Male","Pisces","Raven","Darts",0,0,1,675,"Wolf",0,0,0,0,0
"504","Elf","Female","Gemini","Slyth","Tennis",0,0,3,353,"Bat",0,0,0,0,0
"505","Elf","Male","Scorpio","Huffl","Snooker",0,0,1,39,"Dolphin",0,0,0,0,0
"506","Human","Female","Scorpio","Gryff","Golf",0,0,2,45,"Dolphin",0,0,0,0,0
"507","Orc","Male","Capricorn","Gryff","Badminton",0,0,3,645,"Elephant",0,0,0,0,0
"508","Goblin","Female","Taurus","Slyth","Badminton",0,0,3,653,"Woodpecker",0,0,0,0,0
"509","Human","Male","Cancer","Huffl","Badminton",0,0,3,609,"Dolphin",0,0,0,0,0
"510","Orc","Female","Aquarius","Raven","Golf",0,0,3,776,"Elephant",0,0,0,0,0
"511","Goblin","Male","Cancer","Raven","Golf",0,0,1,508,"Gorilla",0,0,0,0,0
"512","Goblin","Male","Taurus","Slyth","Golf",0,1,1,57,"Gorilla",0,0,0,0,0
"513","Elf","Male","Cancer","Gryff","Tennis",0,0,3,322,"Bat",0,0,0,0,0
"514","Human","Female","Virgo","Slyth","Badminton",0,1,3,192,"Lion",0,0,0,0,0
"515","Elf","Male","Sagittarius","Slyth","Badminton",1,0,3,369,"Bat",0,0,0,0,0
"516","Human","Male","Virgo","Raven","Tennis",0,0,4,140,"Bat",0,0,0,0,0
"517","Human","Male","Cancer","Raven","Tennis",0,0,2,3190,"Woodpecker",0,0,0,0,0
"518","Human","Female","Virgo","Huffl","Golf",0,0,2,92,"Lion",0,0,0,0,0
"519","Orc","Male","Pisces","Raven","Badminton",0,0,4,161,"Lion",0,0,0,0,0
"520","Orc","Male","Capricorn","Raven","Darts",1,0,6,213,"Lion",0,0,0,0,1
"521","Human","Male","Leo","Gryff","Tennis",0,0,2,770,"Wolf",0,0,0,0,0
"522","Human","Female","Virgo","Gryff","Tennis",0,0,1,163,"Lion",0,0,0,0,0
"523","Human","Female","Leo","Raven","Darts",0,0,4,40,"Elephant",0,0,0,0,0
"524","Human","Male","Cancer","Slyth","Tennis",0,0,3,184,"Dolphin",0,1,0,0,0
"525","Human","Female","Leo","Raven","Tennis",0,0,1,540,"Horse",0,0,0,0,0
"526","Orc","Male","Libra","Slyth","Badminton",0,0,3,75,"Elephant",0,0,0,0,0
"527","Human","Female","Aries","Slyth","Golf",0,0,3,450,"Bat",0,0,0,0,0
"528","Elf","Female","Virgo","Raven","Snooker",0,0,3,346,"Elephant",0,0,0,0,0
"529","Orc","Male","Gemini","Raven","Badminton",0,1,2,332,"Elephant",0,0,0,0,0
"530","Orc","Male","Gemini","Gryff","Snooker",0,0,4,592,"Wolf",0,0,0,0,0
"531","Goblin","Female","Pisces","Raven","Badminton",0,1,1,58,"Dolphin",0,0,0,0,0
"532","Human","Male","Gemini","Slyth","Tennis",0,1,2,142,"Lion",0,0,0,0,0
"533","Goblin","Female","Virgo","Slyth","Golf",0,0,1,480,"Lion",0,0,0,0,0
"534","Human","Male","Scorpio","Huffl","Tennis",0,0,2,248,"Woodpecker",0,0,0,0,0
"535","Goblin","Female","Aries","Huffl","Golf",0,1,1,255,"Gorilla",0,0,0,0,0
"536","Orc","Female","Sagittarius","Slyth","Tennis",1,0,4,457,"Woodpecker",0,0,0,0,0
"537","Human","Male","Scorpio","Raven","Tennis",0,0,3,246,"Woodpecker",0,0,0,0,0
"538","Elf","Female","Cancer","Huffl","Badminton",1,0,2,113,"Bat",0,0,0,0,0
"539","Orc","Male","Cancer","Huffl","Golf",0,0,4,602,"Bat",0,1,0,0,0
"540","Orc","Female","Gemini","Raven","Badminton",0,0,5,912,"Gorilla",0,0,0,0,0
"541","Human","Female","Aquarius","Huffl","Tennis",0,0,2,814,"Bat",0,0,0,0,0
"542","Orc","Male","Aries","Gryff","Badminton",0,1,2,507,"Bat",0,0,0,0,0
"543","Human","Female","Leo","Gryff","Golf",1,0,2,33,"Horse",0,0,0,0,0
"544","Goblin","Female","Libra","Huffl","Darts",0,0,1,1900,"Dolphin",0,0,0,0,0
"545","Goblin","Male","Sagittarius","Gryff","Golf",0,0,2,35,"Bat",0,0,0,0,0
"546","Human","Female","Sagittarius","Slyth","Badminton",0,0,3,74,"Dolphin",0,0,0,0,0
"547","Human","Female","Virgo","Huffl","Tennis",1,0,5,712,"Wolf",0,0,0,0,0
"548","Human","Female","Libra","Raven","Badminton",0,1,3,393,"Gorilla",0,0,0,0,0
"549","Human","Female","Leo","Raven","Golf",0,0,2,356,"Horse",0,0,0,0,0
"550","Goblin","Male","Scorpio","Gryff","Darts",0,0,1,304,"Horse",0,0,0,0,0
"551","Human","Female","Sagittarius","Huffl","Tennis",0,0,2,91,"Bat",0,0,0,0,0
"552","Orc","Female","Cancer","Slyth","Snooker",0,0,2,68,"Horse",0,0,0,0,0
"553","Elf","Male","Aries","Gryff","Golf",0,0,2,630,"Gorilla",0,0,0,0,0
"554","Human","Female","Gemini","Raven","Tennis",0,0,1,31,"Wolf",0,0,0,0,0
"555","Human","Female","Capricorn","Huffl","Tennis",0,0,2,84,"Woodpecker",0,0,0,0,0
"556","Orc","Female","Capricorn","Slyth","Golf",0,1,4,515,"Dolphin",0,0,0,0,0
"557","Human","Female","Taurus","Gryff","Tennis",1,0,3,438,"Woodpecker",0,0,0,0,0
"558","Orc","Female","Scorpio","Huffl","Snooker",0,0,3,2828,"Lion",0,0,0,0,0
"559","Orc","Male","Aries","Slyth","Badminton",0,0,2,221,"Bat",0,0,0,0,0
"560","Orc","Female","Scorpio","Gryff","Badminton",0,0,2,2238,"Horse",0,0,0,0,0
"561","Human","Female","Capricorn","Huffl","Golf",0,0,2,70,"Bat",0,0,0,0,0
"562","Orc","Female","Gemini","Raven","Golf",0,1,6,39,"Gorilla",0,0,0,0,0
"563","Goblin","Female","Scorpio","Raven","Golf",0,0,1,193,"Lion",0,0,1,0,0
"564","Human","Male","Sagittarius","Raven","Golf",0,0,2,89,"Lion",0,0,0,0,0
"565","Orc","Female","Gemini","Slyth","Tennis",0,0,1,162,"Woodpecker",0,0,0,0,1
"566","Human","Male","Leo","Raven","Golf",0,0,4,239,"Elephant",0,0,0,0,0
"567","Goblin","Male","Pisces","Gryff","Darts",0,0,2,194,"Horse",0,0,0,0,0
"568","Goblin","Female","Scorpio","Slyth","Darts",1,1,1,74,"Horse",0,0,0,0,0
"569","Orc","Male","Capricorn","Slyth","Badminton",0,0,3,85,"Bat",0,0,0,0,0
"570","Human","Male","Leo","Raven","Badminton",0,0,4,1167,"Gorilla",0,0,0,0,0
"571","Orc","Male","Gemini","Raven","Tennis",0,0,4,326,"Woodpecker",0,0,0,0,0
"572","Orc","Male","Aquarius","Huffl","Badminton",0,0,3,248,"Bat",0,0,0,0,0
"573","Human","Female","Aries","Huffl","Badminton",1,1,2,394,"Dolphin",1,0,0,0,0
"574","Orc","Female","Pisces","Gryff","Badminton",1,0,5,507,"Bat",0,0,0,0,0
"575","Goblin","Male","Scorpio","Huffl","Golf",0,1,2,147,"Horse",0,0,0,0,0
"576","Orc","Male","Virgo","Raven","Darts",0,0,3,1200,"Horse",0,0,0,0,0
"577","Orc","Female","Sagittarius","Gryff","Badminton",0,1,2,212,"Dolphin",0,0,1,0,0
"578","Orc","Male","Leo","Huffl","Tennis",0,0,3,554,"Lion",0,0,0,0,0
"579","Human","Female","Taurus","Gryff","Tennis",0,0,2,142,"Gorilla",0,0,0,0,0
"580","Goblin","Female","Sagittarius","Raven","Darts",0,0,1,320,"Elephant",0,0,0,0,0
"581","Human","Female","Scorpio","Huffl","Golf",0,1,4,1337,"Elephant",0,0,0,0,0
"582","Human","Female","Leo","Gryff","Tennis",0,1,4,618,"Lion",1,0,0,0,0
"583","Goblin","Female","Capricorn","Gryff","Tennis",0,0,2,45,"Horse",0,0,0,0,0
"584","Goblin","Male","Libra","Huffl","Golf",0,0,1,522,"Dolphin",0,0,0,0,0
"585","Orc","Female","Taurus","Huffl","Badminton",0,0,3,31,"Gorilla",0,0,0,0,0
"586","Orc","Female","Virgo","Huffl","Badminton",0,0,6,706,"Dolphin",0,0,0,0,0
"587","Human","Female","Cancer","Huffl","Tennis",0,0,1,271,"Lion",0,0,0,0,0
"588","Human","Female","Leo","Slyth","Tennis",0,0,2,186,"Lion",0,0,0,0,0
"589","Orc","Male","Sagittarius","Gryff","Badminton",0,0,4,773,"Wolf",0,0,0,0,0
"590","Orc","Female","Leo","Raven","Badminton",0,0,3,2094,"Wolf",0,0,0,0,0
"591","Human","Male","Virgo","Huffl","Tennis",0,0,2,160,"Lion",0,0,0,0,0
"592","Elf","Male","Cancer","Raven","Badminton",0,0,3,69,"Bat",0,0,0,0,0
"593","Orc","Male","Aries","Huffl","Tennis",0,0,3,334,"Bat",0,0,0,0,0
"594","Human","Female","Pisces","Raven","Golf",0,0,4,277,"Horse",0,0,0,0,0
"595","Elf","Female","Sagittarius","Slyth","Golf",0,0,1,63,"Lion",0,0,0,0,0
"596","Human","Female","Cancer","Raven","Golf",1,1,3,148,"Elephant",0,0,0,0,0
"597","Goblin","Male","Gemini","Raven","Golf",0,0,1,56,"Elephant",0,0,0,0,0
"598","Orc","Female","Libra","Huffl","Golf",0,0,3,1092,"Dolphin",0,0,0,0,0
"599","Orc","Female","Virgo","Huffl","Badminton",0,1,1,413,"Dolphin",0,0,0,0,0
"600","Human","Male","Virgo","Slyth","Tennis",0,1,2,514,"Elephant",0,0,0,0,0
"601","Orc","Female","Taurus","Gryff","Badminton",0,0,3,373,"Horse",0,0,0,0,0
"602","Human","Female","Sagittarius","Slyth","Snooker",0,0,2,52,"Bat",0,0,0,0,0
"603","Orc","Male","Aries","Gryff","Tennis",0,0,5,675,"Gorilla",0,0,0,0,0
"604","Goblin","Female","Pisces","Gryff","Badminton",1,1,1,353,"Horse",0,0,0,0,0
"605","Human","Male","Scorpio","Gryff","Golf",0,0,3,39,"Horse",0,0,0,0,0
"606","Human","Male","Scorpio","Raven","Golf",0,0,1,45,"Gorilla",0,0,0,0,0
"607","Orc","Female","Gemini","Slyth","Badminton",0,0,5,645,"Elephant",0,0,0,0,0
"608","Human","Female","Cancer","Gryff","Badminton",0,1,3,653,"Elephant",0,0,0,0,0
"609","Orc","Male","Aries","Slyth","Badminton",0,0,1,609,"Woodpecker",0,0,0,0,0
"610","Orc","Male","Pisces","Slyth","Darts",0,0,3,776,"Wolf",0,0,0,0,0
"611","Human","Male","Pisces","Raven","Golf",0,0,3,508,"Elephant",0,0,1,0,0
"612","Human","Female","Scorpio","Raven","Golf",0,0,2,57,"Elephant",0,0,0,0,0
"613","Elf","Male","Capricorn","Gryff","Badminton",1,0,3,322,"Wolf",0,0,0,0,0
"614","Orc","Female","Virgo","Slyth","Badminton",1,1,3,192,"Gorilla",0,0,1,0,0
"615","Human","Female","Virgo","Raven","Tennis",0,1,1,369,"Gorilla",0,0,0,0,0
"616","Human","Male","Aries","Gryff","Golf",0,0,3,140,"Wolf",0,0,0,0,0
"617","Goblin","Male","Aries","Gryff","Darts",0,0,1,3190,"Bat",0,1,0,0,0
"618","Goblin","Male","Libra","Huffl","Darts",0,0,1,92,"Bat",0,0,0,0,1
"619","Goblin","Female","Scorpio","Gryff","Darts",0,0,1,161,"Elephant",0,0,0,0,0
"620","Human","Male","Pisces","Raven","Badminton",0,1,4,213,"Elephant",0,0,0,0,0
"621","Elf","Male","Capricorn","Huffl","Tennis",0,0,2,770,"Lion",0,0,0,0,0
"622","Human","Male","Cancer","Raven","Golf",0,1,2,163,"Lion",0,0,0,0,0
"623","Orc","Female","Aquarius","Gryff","Tennis",0,0,1,40,"Woodpecker",0,0,0,0,0
"624","Human","Male","Capricorn","Huffl","Golf",0,0,1,184,"Elephant",0,0,0,0,1
"625","Human","Female","Leo","Raven","Badminton",0,0,3,540,"Bat",0,0,0,0,0
"626","Human","Male","Capricorn","Gryff","Golf",0,0,1,75,"Bat",0,0,0,1,0
"627","Human","Male","Capricorn","Gryff","Tennis",0,0,2,450,"Lion",0,1,0,0,0
"628","Human","Male","Aries","Huffl","Golf",0,1,3,346,"Wolf",0,0,0,0,0
"629","Orc","Female","Virgo","Raven","Darts",0,0,2,332,"Gorilla",0,0,0,0,0
"630","Orc","Male","Pisces","Raven","Golf",0,0,4,592,"Elephant",0,0,0,0,0
"631","Elf","Male","Aquarius","Gryff","Snooker",0,0,2,58,"Wolf",0,0,0,0,0
"632","Elf","Female","Sagittarius","Slyth","Tennis",0,0,2,142,"Wolf",0,0,0,0,0
"633","Orc","Male","Sagittarius","Gryff","Badminton",0,0,4,480,"Gorilla",0,0,0,0,0
"634","Orc","Male","Pisces","Huffl","Badminton",0,0,4,248,"Woodpecker",0,0,0,0,0
"635","Orc","Female","Gemini","Gryff","Darts",0,0,2,255,"Horse",0,0,0,0,0
"636","Orc","Female","Scorpio","Huffl","Golf",0,1,3,457,"Dolphin",0,0,0,0,0
"637","Orc","Female","Virgo","Raven","Badminton",0,0,3,246,"Wolf",0,0,0,0,0
"638","Goblin","Female","Cancer","Gryff","Darts",0,0,1,113,"Wolf",0,0,0,0,0
"639","Human","Male","Gemini","Huffl","Tennis",0,1,2,602,"Lion",0,0,0,0,0
"640","Goblin","Male","Aries","Huffl","Golf",1,0,2,912,"Dolphin",0,0,0,0,0
"641","Orc","Female","Libra","Huffl","Badminton",0,0,3,814,"Elephant",0,0,0,0,0
"642","Orc","Female","Virgo","Slyth","Badminton",0,0,3,507,"Bat",0,0,0,0,0
"643","Human","Female","Scorpio","Huffl","Golf",0,1,3,33,"Horse",0,0,0,0,0
"644","Human","Female","Leo","Gryff","Tennis",0,1,4,1900,"Bat",0,0,0,0,0
"645","Human","Male","Pisces","Gryff","Darts",0,0,1,35,"Elephant",0,0,0,0,0
"646","Human","Female","Libra","Gryff","Golf",0,0,4,74,"Bat",0,0,0,0,0
"647","Human","Male","Aquarius","Slyth","Badminton",0,1,2,712,"Bat",0,0,0,0,0
"648","Goblin","Male","Sagittarius","Slyth","Badminton",0,0,1,393,"Dolphin",0,0,0,0,0
"649","Goblin","Female","Cancer","Raven","Darts",0,0,1,356,"Elephant",0,0,0,0,0
"650","Orc","Female","Virgo","Raven","Snooker",0,0,4,304,"Elephant",0,0,0,0,0
"651","Human","Male","Scorpio","Slyth","Golf",0,1,4,91,"Wolf",0,0,0,0,0
"652","Human","Female","Virgo","Gryff","Golf",0,1,3,68,"Bat",0,0,0,0,0
"653","Orc","Female","Libra","Slyth","Badminton",0,0,4,630,"Elephant",0,0,0,0,0
"654","Human","Male","Aquarius","Gryff","Darts",0,0,2,31,"Horse",0,0,0,0,0
"655","Human","Male","Virgo","Raven","Snooker",1,0,1,84,"Lion",0,0,0,0,0
"656","Orc","Male","Pisces","Slyth","Badminton",1,0,3,515,"Gorilla",0,0,0,0,0
"657","Human","Female","Capricorn","Gryff","Golf",0,1,3,438,"Bat",0,0,0,0,0
"658","Orc","Female","Gemini","Huffl","Badminton",0,0,4,2828,"Woodpecker",0,0,0,0,0
"659","Human","Male","Scorpio","Slyth","Golf",0,0,3,221,"Woodpecker",0,0,0,0,0
"660","Orc","Female","Capricorn","Slyth","Badminton",0,0,5,2238,"Bat",0,0,0,0,0
"661","Orc","Male","Virgo","Huffl","Badminton",0,0,5,70,"Dolphin",0,0,0,0,0
"662","Human","Female","Scorpio","Raven","Tennis",0,0,2,39,"Elephant",0,0,0,0,0
"663","Goblin","Female","Aries","Gryff","Golf",0,0,1,193,"Gorilla",0,0,0,0,0
"664","Orc","Male","Aries","Raven","Badminton",0,0,4,89,"Elephant",0,0,0,0,0
"665","Orc","Female","Aries","Gryff","Darts",1,0,4,162,"Bat",0,0,0,0,0
"666","Orc","Female","Virgo","Slyth","Golf",0,0,1,239,"Wolf",0,0,0,0,0
"667","Elf","Female","Capricorn","Slyth","Golf",0,1,2,194,"Woodpecker",0,0,0,0,0
"668","Orc","Female","Cancer","Gryff","Darts",0,0,2,74,"Horse",0,0,0,0,0
"669","Human","Female","Taurus","Gryff","Golf",0,0,6,85,"Gorilla",0,0,0,0,0
"670","Goblin","Male","Scorpio","Gryff","Darts",1,1,2,1167,"Elephant",0,0,0,0,0
"671","Human","Female","Sagittarius","Slyth","Golf",0,0,4,326,"Woodpecker",0,0,0,0,0
"672","Goblin","Female","Scorpio","Huffl","Badminton",0,0,1,248,"Lion",0,0,0,0,0
"673","Human","Female","Sagittarius","Raven","Tennis",0,1,2,394,"Horse",0,0,0,0,0
"674","Orc","Male","Aries","Huffl","Badminton",1,0,3,507,"Woodpecker",0,0,0,0,0
"675","Orc","Female","Aries","Slyth","Badminton",0,0,3,147,"Lion",0,0,0,0,0
"676","Human","Female","Sagittarius","Gryff","Badminton",0,1,3,1200,"Gorilla",0,0,0,0,0
"677","Elf","Male","Sagittarius","Slyth","Golf",0,0,3,212,"Gorilla",0,0,0,0,0
"678","Human","Female","Libra","Slyth","Golf",0,0,2,554,"Bat",0,0,0,0,0
"679","Human","Female","Cancer","Huffl","Tennis",0,0,3,142,"Lion",0,0,0,0,0
"680","Human","Male","Virgo","Huffl","Golf",0,1,4,320,"Dolphin",0,0,0,0,0
"681","Orc","Male","Aries","Raven","Badminton",0,0,3,1337,"Dolphin",0,0,0,0,0
"682","Human","Male","Libra","Gryff","Badminton",0,0,2,618,"Gorilla",0,0,0,0,0
"683","Goblin","Female","Capricorn","Gryff","Darts",0,1,1,45,"Elephant",0,0,0,0,0
"684","Human","Female","Virgo","Gryff","Tennis",0,0,5,522,"Horse",0,0,0,0,0
"685","Orc","Female","Libra","Gryff","Darts",1,0,3,31,"Horse",0,0,0,0,0
"686","Orc","Male","Capricorn","Raven","Snooker",0,0,4,706,"Gorilla",0,0,0,0,0
"687","Orc","Male","Libra","Slyth","Badminton",0,0,4,271,"Elephant",0,0,0,0,0
"688","Goblin","Male","Leo","Huffl","Badminton",1,1,2,186,"Dolphin",0,0,0,0,0
"689","Goblin","Female","Capricorn","Huffl","Darts",1,1,1,773,"Dolphin",0,0,0,0,0
"690","Orc","Male","Gemini","Raven","Snooker",0,0,6,2094,"Gorilla",0,0,0,0,0
"691","Elf","Male","Leo","Huffl","Golf",0,1,1,160,"Lion",0,0,0,0,0
"692","Goblin","Female","Sagittarius","Huffl","Darts",0,1,1,69,"Horse",0,0,0,0,0
"693","Orc","Male","Pisces","Raven","Badminton",0,0,3,334,"Bat",0,0,0,0,0
"694","Orc","Female","Virgo","Gryff","Snooker",0,0,4,277,"Wolf",0,0,0,0,0
"695","Human","Male","Aries","Huffl","Golf",0,1,3,63,"Lion",0,0,0,0,0
"696","Goblin","Female","Aquarius","Raven","Darts",0,0,2,148,"Lion",0,0,0,0,0
"697","Orc","Male","Virgo","Raven","Golf",0,0,5,56,"Gorilla",0,0,0,0,0
"698","Human","Female","Cancer","Huffl","Golf",0,1,2,1092,"Woodpecker",0,0,0,0,0
"699","Human","Female","Aries","Huffl","Tennis",0,0,2,413,"Dolphin",0,0,0,0,0
"700","Human","Male","Libra","Huffl","Golf",0,1,3,514,"Lion",0,0,0,0,0
"701","Elf","Female","Cancer","Slyth","Tennis",0,0,2,373,"Dolphin",0,0,0,0,0
"702","Orc","Male","Cancer","Slyth","Tennis",0,1,2,52,"Gorilla",0,0,0,0,0
"703","Human","Female","Cancer","Gryff","Tennis",0,0,4,675,"Gorilla",0,0,0,0,0
"704","Orc","Female","Cancer","Gryff","Snooker",0,0,4,353,"Horse",0,0,0,0,0
"705","Orc","Male","Leo","Huffl","Snooker",0,1,3,39,"Bat",0,0,0,0,0
"706","Goblin","Male","Sagittarius","Slyth","Darts",0,0,2,45,"Elephant",0,0,0,0,0
"707","Human","Female","Cancer","Huffl","Badminton",0,0,3,645,"Bat",0,0,0,0,0
"708","Orc","Male","Pisces","Gryff","Badminton",0,0,5,653,"Elephant",0,0,0,0,0
"709","Human","Male","Aquarius","Huffl","Tennis",0,1,2,609,"Bat",0,0,0,0,0
"710","Human","Male","Aries","Gryff","Tennis",0,0,3,776,"Woodpecker",0,0,0,0,0
"711","Orc","Female","Leo","Raven","Badminton",0,1,6,508,"Lion",0,0,0,0,0
"712","Orc","Male","Virgo","Huffl","Snooker",1,0,5,57,"Woodpecker",0,0,0,0,0
"713","Elf","Female","Cancer","Raven","Tennis",0,1,1,322,"Elephant",0,0,0,0,0
"714","Orc","Female","Pisces","Raven","Darts",0,0,5,192,"Elephant",0,0,0,0,0
"715","Human","Female","Leo","Slyth","Tennis",0,0,4,369,"Lion",0,0,0,0,0
"716","Human","Male","Libra","Raven","Golf",0,1,4,140,"Elephant",0,0,0,0,0
"717","Human","Male","Cancer","Huffl","Golf",0,0,3,3190,"Bat",0,0,0,0,0
"718","Goblin","Male","Capricorn","Gryff","Badminton",0,0,1,92,"Bat",1,0,0,0,0
"719","Goblin","Male","Pisces","Gryff","Darts",0,0,2,161,"Elephant",0,0,0,0,0
"720","Orc","Female","Scorpio","Slyth","Badminton",0,0,3,213,"Elephant",0,0,0,0,0
"721","Elf","Female","Libra","Slyth","Golf",0,1,1,770,"Woodpecker",0,0,0,0,0
"722","Goblin","Female","Virgo","Raven","Golf",0,0,1,163,"Bat",0,1,0,0,0
"723","Human","Male","Cancer","Gryff","Snooker",0,1,5,40,"Elephant",0,0,0,0,0
"724","Orc","Male","Sagittarius","Slyth","Badminton",0,0,4,184,"Elephant",0,0,0,0,0
"725","Orc","Female","Gemini","Huffl","Badminton",0,0,1,540,"Bat",0,0,0,0,0
"726","Orc","Female","Cancer","Gryff","Golf",0,0,4,75,"Wolf",0,0,0,0,0
"727","Human","Male","Scorpio","Gryff","Tennis",0,0,4,450,"Dolphin",0,0,0,0,0
"728","Goblin","Female","Virgo","Gryff","Darts",0,0,1,346,"Horse",0,0,0,0,0
"729","Orc","Male","Capricorn","Slyth","Badminton",0,0,2,332,"Lion",0,0,0,0,0
"730","Goblin","Female","Sagittarius","Huffl","Badminton",0,0,2,592,"Woodpecker",0,0,0,0,0
"731","Human","Female","Libra","Gryff","Badminton",0,0,2,58,"Woodpecker",0,0,0,0,0
"732","Human","Male","Scorpio","Gryff","Golf",0,0,3,142,"Woodpecker",0,0,0,0,0
"733","Orc","Female","Leo","Huffl","Badminton",0,0,3,480,"Elephant",0,0,0,0,0
"734","Orc","Female","Aquarius","Slyth","Golf",0,0,3,248,"Bat",0,0,0,0,0
"735","Orc","Male","Scorpio","Gryff","Badminton",0,0,3,255,"Elephant",0,0,0,0,0
"736","Orc","Male","Capricorn","Raven","Badminton",0,1,3,457,"Lion",0,0,0,0,0
"737","Elf","Female","Scorpio","Gryff","Badminton",0,0,1,246,"Lion",0,0,0,0,0
"738","Orc","Female","Sagittarius","Slyth","Badminton",0,0,3,113,"Lion",0,0,0,0,0
"739","Human","Female","Cancer","Huffl","Golf",0,1,5,602,"Horse",0,0,0,0,0
"740","Human","Female","Aquarius","Raven","Golf",1,0,3,912,"Elephant",0,0,0,1,0
"741","Human","Female","Cancer","Gryff","Golf",0,0,4,814,"Wolf",0,0,0,0,0
"742","Human","Female","Leo","Raven","Darts",0,1,1,507,"Woodpecker",0,1,0,0,0
"743","Orc","Female","Aquarius","Slyth","Badminton",0,0,4,33,"Lion",0,0,0,0,0
"744","Goblin","Male","Aquarius","Raven","Golf",0,0,2,1900,"Wolf",0,0,0,0,0
"745","Goblin","Female","Aries","Gryff","Tennis",0,1,1,35,"Wolf",0,0,0,0,0
"746","Human","Female","Scorpio","Raven","Tennis",0,0,2,74,"Elephant",0,0,0,0,0
"747","Goblin","Male","Leo","Raven","Darts",0,0,1,712,"Gorilla",0,0,0,0,0
"748","Human","Female","Virgo","Raven","Tennis",0,1,2,393,"Wolf",0,0,0,0,0
"749","Goblin","Male","Virgo","Raven","Golf",1,0,1,356,"Gorilla",0,0,0,0,0
"750","Human","Female","Cancer","Huffl","Golf",0,0,2,304,"Dolphin",0,0,0,0,0
"751","Human","Male","Scorpio","Raven","Golf",0,0,1,91,"Woodpecker",0,0,0,0,0
"752","Human","Female","Pisces","Raven","Snooker",0,0,2,68,"Gorilla",0,0,0,0,0
"753","Human","Male","Scorpio","Raven","Golf",0,1,2,630,"Gorilla",0,0,0,0,0
"754","Human","Female","Gemini","Gryff","Darts",0,0,1,31,"Horse",0,0,0,0,0
"755","Human","Male","Capricorn","Gryff","Tennis",0,0,2,84,"Dolphin",0,0,0,0,0
"756","Human","Female","Cancer","Raven","Tennis",1,0,1,515,"Elephant",0,0,0,0,0
"757","Elf","Female","Sagittarius","Slyth","Badminton",0,0,2,438,"Bat",0,0,0,0,0
"758","Orc","Female","Gemini","Slyth","Badminton",0,1,2,2828,"Elephant",0,0,0,0,0
"759","Human","Male","Taurus","Gryff","Golf",0,0,3,221,"Dolphin",0,0,0,1,0
"760","Human","Male","Libra","Huffl","Golf",0,1,1,2238,"Elephant",0,0,0,0,0
"761","Orc","Male","Scorpio","Raven","Badminton",0,0,5,70,"Horse",0,0,0,0,0
"762","Human","Female","Cancer","Slyth","Golf",0,0,1,39,"Dolphin",0,0,0,0,0
"763","Goblin","Female","Capricorn","Gryff","Golf",0,0,1,193,"Wolf",0,0,0,0,0
"764","Goblin","Male","Aries","Gryff","Snooker",0,1,2,89,"Bat",0,0,0,0,0
"765","Goblin","Female","Aries","Raven","Darts",0,0,2,162,"Elephant",0,0,0,0,0
"766","Human","Female","Virgo","Huffl","Darts",1,0,4,239,"Dolphin",0,0,0,0,0
"767","Human","Female","Aquarius","Slyth","Tennis",1,0,1,194,"Dolphin",0,0,0,0,0
"768","Goblin","Male","Pisces","Gryff","Golf",0,0,1,74,"Bat",0,0,0,0,0
"769","Human","Female","Libra","Raven","Darts",0,0,3,85,"Lion",0,0,0,0,0
"770","Human","Male","Taurus","Raven","Golf",0,1,4,1167,"Gorilla",0,0,0,0,0
"771","Goblin","Male","Libra","Gryff","Badminton",0,0,2,326,"Horse",0,0,0,0,0
"772","Human","Male","Aquarius","Raven","Tennis",0,1,4,248,"Bat",0,0,0,0,0
"773","Human","Female","Aries","Raven","Tennis",0,0,3,394,"Gorilla",0,0,0,0,0
"774","Goblin","Male","Pisces","Huffl","Darts",0,0,3,507,"Dolphin",0,0,0,0,0
"775","Elf","Female","Aries","Slyth","Tennis",0,0,1,147,"Elephant",0,0,0,0,0
"776","Orc","Female","Gemini","Raven","Badminton",0,0,3,1200,"Woodpecker",0,0,0,0,0
"777","Goblin","Female","Scorpio","Slyth","Tennis",0,1,1,212,"Bat",0,0,0,0,0
"778","Goblin","Female","Leo","Raven","Darts",0,1,1,554,"Lion",0,0,0,0,0
"779","Orc","Male","Sagittarius","Raven","Badminton",0,0,3,142,"Gorilla",0,0,0,0,0
"780","Human","Male","Leo","Gryff","Snooker",0,0,2,320,"Woodpecker",0,0,0,0,0
"781","Goblin","Female","Cancer","Raven","Golf",0,1,1,1337,"Gorilla",0,0,0,0,0
"782","Human","Female","Leo","Huffl","Tennis",0,0,2,618,"Horse",0,0,1,0,0
"783","Orc","Female","Cancer","Raven","Badminton",0,0,3,45,"Elephant",0,0,0,0,0
"784","Human","Male","Leo","Raven","Tennis",0,0,3,522,"Dolphin",0,0,0,0,0
"785","Human","Male","Aries","Slyth","Tennis",0,0,3,31,"Lion",0,0,0,0,0
"786","Goblin","Female","Capricorn","Huffl","Darts",0,0,3,706,"Lion",0,0,0,0,0
"787","Goblin","Male","Sagittarius","Raven","Darts",0,0,2,271,"Wolf",0,0,0,0,0
"788","Human","Female","Libra","Slyth","Tennis",0,0,2,186,"Lion",0,0,0,0,0
"789","Goblin","Female","Virgo","Huffl","Golf",0,1,1,773,"Bat",0,0,0,0,0
"790","Orc","Female","Scorpio","Gryff","Darts",0,0,5,2094,"Horse",0,0,0,0,0
"791","Elf","Male","Scorpio","Raven","Snooker",0,0,1,160,"Woodpecker",0,0,0,0,0
"792","Goblin","Female","Aries","Huffl","Darts",0,0,3,69,"Horse",0,0,0,0,0
"793","Human","Male","Sagittarius","Huffl","Golf",0,1,4,334,"Bat",0,0,0,0,0
"794","Goblin","Male","Pisces","Huffl","Darts",0,0,1,277,"Dolphin",0,0,0,0,0
"795","Orc","Male","Cancer","Gryff","Snooker",0,0,3,63,"Dolphin",0,0,0,0,0
"796","Goblin","Male","Aquarius","Raven","Darts",0,0,1,148,"Elephant",0,0,0,0,0
"797","Orc","Female","Capricorn","Slyth","Darts",0,0,2,56,"Dolphin",0,0,1,0,0
"798","Human","Male","Pisces","Slyth","Badminton",1,0,2,1092,"Dolphin",0,0,0,1,0
"799","Orc","Female","Scorpio","Huffl","Snooker",0,0,3,413,"Elephant",0,0,0,0,0
"800","Orc","Female","Sagittarius","Slyth","Badminton",0,1,5,514,"Woodpecker",0,0,0,0,0
